Episode,Cumulative Reward
1,7.239855072463769
2,6.659
3,-0.0009980039920159
4,-0.0064516129032258
