Experiment Number,Rewards
1,"[-0.013985106587103849, -0.013985106587103849]"
2,"[-0.030122730758789563, -0.030122730758789563]"
