{"0":{"{\"position\": [26, 10]}":-0.0007960932,"{\"position\": [26, 11]}":-0.00005,"{\"position\": [27, 10]}":-0.0008682839,"{\"position\": [25, 11]}":-0.00005},"1":{"{\"position\": [26, 10]}":263.7292109608,"{\"position\": [26, 11]}":121.0515994531,"{\"position\": [27, 10]}":-0.0008714878,"{\"position\": [25, 11]}":12.7977330363},"2":{"{\"position\": [26, 10]}":-0.0007853612,"{\"position\": [26, 11]}":125.9813028461,"{\"position\": [27, 10]}":-0.0008714878,"{\"position\": [25, 11]}":0.0},"3":{"{\"position\": [26, 10]}":-0.0007853612,"{\"position\": [26, 11]}":61.5653119266,"{\"position\": [27, 10]}":177.8838126326,"{\"position\": [25, 11]}":0.0},"4":{"{\"position\": [26, 10]}":10.1352027505,"{\"position\": [26, 11]}":170.3187898056,"{\"position\": [27, 10]}":-0.0008714878,"{\"position\": [25, 11]}":77.0175947432}}