{"0":{"{\"position\": [25, 19]}":-0.0009586125,"{\"position\": [26, 19]}":-0.0306017385,"{\"position\": [26, 18]}":0.0010544952,"{\"position\": [25, 18]}":0.0182444254,"{\"position\": [27, 19]}":0.136465704,"{\"position\": [27, 18]}":-0.039564807,"{\"position\": [28, 19]}":-0.0112996927,"{\"position\": [28, 18]}":-0.0230631779,"{\"position\": [24, 19]}":-0.0119196429,"{\"position\": [24, 18]}":-0.0125310749,"{\"position\": [26, 17]}":-0.073078426,"{\"position\": [25, 17]}":-0.0009717286},"1":{"{\"position\": [25, 19]}":-24.3063120152,"{\"position\": [26, 19]}":-0.0064599493,"{\"position\": [26, 18]}":0.001068899,"{\"position\": [25, 18]}":0.0579968199,"{\"position\": [27, 19]}":0.0471554849,"{\"position\": [27, 18]}":0.0009791299,"{\"position\": [28, 19]}":-0.0007496559,"{\"position\": [28, 18]}":-0.0000975,"{\"position\": [24, 19]}":-0.0008870699,"{\"position\": [24, 18]}":2.6422272799,"{\"position\": [26, 17]}":0.5938862014,"{\"position\": [25, 17]}":-0.0009724163},"2":{"{\"position\": [25, 19]}":0.0755037347,"{\"position\": [26, 19]}":-0.0287715681,"{\"position\": [26, 18]}":0.0072209167,"{\"position\": [25, 18]}":0.0181926938,"{\"position\": [27, 19]}":0.0474387757,"{\"position\": [27, 18]}":0.0009517223,"{\"position\": [28, 19]}":-0.0007434146,"{\"position\": [28, 18]}":-0.00005,"{\"position\": [24, 19]}":7.0038330426,"{\"position\": [24, 18]}":0.00837932,"{\"position\": [26, 17]}":-0.0014471275,"{\"position\": [25, 17]}":0.0487497948},"3":{"{\"position\": [25, 19]}":-0.0165468559,"{\"position\": [26, 19]}":-0.0020391658,"{\"position\": [26, 18]}":-0.0267261239,"{\"position\": [25, 18]}":0.0185986917,"{\"position\": [27, 19]}":0.0467562575,"{\"position\": [27, 18]}":0.0010276302,"{\"position\": [28, 19]}":-0.0007466995,"{\"position\": [28, 18]}":-0.00005,"{\"position\": [24, 19]}":-0.0008840178,"{\"position\": [24, 18]}":-0.0705812595,"{\"position\": [26, 17]}":-0.0074403332,"{\"position\": [25, 17]}":-0.0184376289},"4":{"{\"position\": [25, 19]}":-0.0009598944,"{\"position\": [26, 19]}":0.0011073575,"{\"position\": [26, 18]}":0.0010835256,"{\"position\": [25, 18]}":0.0182847291,"{\"position\": [27, 19]}":0.0768139565,"{\"position\": [27, 18]}":0.001035676,"{\"position\": [28, 19]}":-0.0007482555,"{\"position\": [28, 18]}":-0.00005,"{\"position\": [24, 19]}":-0.0008885157,"{\"position\": [24, 18]}":-0.0009790919,"{\"position\": [26, 17]}":-0.0008029128,"{\"position\": [25, 17]}":-0.0009724163}}