{"0":{"{\"position\": [14, 35]}":14.4206638883,"{\"position\": [13, 35]}":25.8677989799,"{\"position\": [14, 34]}":-0.0024051967,"{\"position\": [15, 35]}":-0.000142625,"{\"position\": [13, 34]}":-0.0331053844,"{\"position\": [12, 35]}":6.5389596807,"{\"position\": [12, 34]}":-0.0160134779,"{\"position\": [13, 36]}":-0.0003697506},"1":{"{\"position\": [14, 35]}":8.0574738483,"{\"position\": [13, 35]}":12.5179807225,"{\"position\": [14, 34]}":7.6851478665,"{\"position\": [15, 35]}":4.0010413858,"{\"position\": [13, 34]}":23.3402988107,"{\"position\": [12, 35]}":8.3615190478,"{\"position\": [12, 34]}":28.4205337304,"{\"position\": [13, 36]}":-0.0003697506},"2":{"{\"position\": [14, 35]}":14.5306013126,"{\"position\": [13, 35]}":25.6817605651,"{\"position\": [14, 34]}":-0.0106241069,"{\"position\": [15, 35]}":-0.0000975,"{\"position\": [13, 34]}":-0.0009000035,"{\"position\": [12, 35]}":16.6960665865,"{\"position\": [12, 34]}":-0.0003697506,"{\"position\": [13, 36]}":-0.0003863361},"3":{"{\"position\": [14, 35]}":28.5567738139,"{\"position\": [13, 35]}":26.2028595196,"{\"position\": [14, 34]}":-0.0009937679,"{\"position\": [15, 35]}":32.4844624741,"{\"position\": [13, 34]}":-0.0329264836,"{\"position\": [12, 35]}":6.5284490065,"{\"position\": [12, 34]}":0.0042901574,"{\"position\": [13, 36]}":-0.0003365796},"4":{"{\"position\": [14, 35]}":14.214442598,"{\"position\": [13, 35]}":25.0289505107,"{\"position\": [14, 34]}":-0.0009937679,"{\"position\": [15, 35]}":13.2099846182,"{\"position\": [13, 34]}":-0.0009012258,"{\"position\": [12, 35]}":16.8914052653,"{\"position\": [12, 34]}":0.0042901574,"{\"position\": [13, 36]}":49.9996802494}}