{"0":{"{\"position\": [22, 43]}":-0.0002625124,"{\"position\": [23, 43]}":0.0474741768,"{\"position\": [22, 42]}":-0.0737490547,"{\"position\": [24, 43]}":-0.0003697506,"{\"position\": [23, 42]}":-0.0702493484,"{\"position\": [21, 42]}":-0.0009654133,"{\"position\": [21, 43]}":-0.0009381959},"1":{"{\"position\": [22, 43]}":0.0070290244,"{\"position\": [23, 43]}":0.0463333658,"{\"position\": [22, 42]}":0.0499241552,"{\"position\": [24, 43]}":2.8908696938,"{\"position\": [23, 42]}":25.7148351158,"{\"position\": [21, 42]}":0.013543541,"{\"position\": [21, 43]}":-0.0020113472},"2":{"{\"position\": [22, 43]}":0.0231118197,"{\"position\": [23, 43]}":0.0458709154,"{\"position\": [22, 42]}":-0.0002649081,"{\"position\": [24, 43]}":-0.0003697506,"{\"position\": [23, 42]}":-0.0337561159,"{\"position\": [21, 42]}":-0.0009661345,"{\"position\": [21, 43]}":0.1688901495},"3":{"{\"position\": [22, 43]}":0.0114588404,"{\"position\": [23, 43]}":0.0464890399,"{\"position\": [22, 42]}":-0.0182815347,"{\"position\": [24, 43]}":8.5854820437,"{\"position\": [23, 42]}":-0.0008501097,"{\"position\": [21, 42]}":-0.0097259295,"{\"position\": [21, 43]}":-0.0382190376},"4":{"{\"position\": [22, 43]}":0.0010632471,"{\"position\": [23, 43]}":0.0469202132,"{\"position\": [22, 42]}":-0.0002649081,"{\"position\": [24, 43]}":8.8511177216,"{\"position\": [23, 42]}":-0.0008501097,"{\"position\": [21, 42]}":-0.0009661345,"{\"position\": [21, 43]}":-0.0009404614}}