{"0":{"{\"position\": [14, 26]}":0.1458435454,"{\"position\": [15, 26]}":0.0396585705,"{\"position\": [14, 27]}":0.2094455999,"{\"position\": [15, 27]}":0.1380941432,"{\"position\": [14, 25]}":-0.0742305222,"{\"position\": [15, 25]}":-0.0003016627,"{\"position\": [13, 27]}":0.2615010863,"{\"position\": [13, 26]}":-0.0228931287,"{\"position\": [15, 28]}":0.3048531475},"1":{"{\"position\": [14, 26]}":0.1414780024,"{\"position\": [15, 26]}":0.0403503166,"{\"position\": [14, 27]}":0.1277282524,"{\"position\": [15, 27]}":0.0412799185,"{\"position\": [14, 25]}":0.204696839,"{\"position\": [15, 25]}":-0.0002842526,"{\"position\": [13, 27]}":0.0108793099,"{\"position\": [13, 26]}":0.3205707257,"{\"position\": [15, 28]}":-0.0000975},"2":{"{\"position\": [14, 26]}":0.146013598,"{\"position\": [15, 26]}":0.0407965618,"{\"position\": [14, 27]}":0.1256913732,"{\"position\": [15, 27]}":0.037935023,"{\"position\": [14, 25]}":-0.0037769098,"{\"position\": [15, 25]}":-0.025884454,"{\"position\": [13, 27]}":0.6343239921,"{\"position\": [13, 26]}":0.0355402769,"{\"position\": [15, 28]}":-0.0000975},"3":{"{\"position\": [14, 26]}":0.1425525191,"{\"position\": [15, 26]}":12.224353149,"{\"position\": [14, 27]}":0.0451179842,"{\"position\": [15, 27]}":0.0414163799,"{\"position\": [14, 25]}":-0.0014033444,"{\"position\": [15, 25]}":0.0989882847,"{\"position\": [13, 27]}":0.2665098284,"{\"position\": [13, 26]}":0.020025749,"{\"position\": [15, 28]}":-0.0000975},"4":{"{\"position\": [14, 26]}":0.1412609956,"{\"position\": [15, 26]}":0.1054264212,"{\"position\": [14, 27]}":0.1279310868,"{\"position\": [15, 27]}":0.0413678175,"{\"position\": [14, 25]}":-0.0006764665,"{\"position\": [15, 25]}":-0.0002934158,"{\"position\": [13, 27]}":0.0107496531,"{\"position\": [13, 26]}":0.0394085899,"{\"position\": [15, 28]}":-0.0000975}}