{"0":{"{\"position\": [19, 43]}":-0.0040227018,"{\"position\": [19, 42]}":-0.0413925141,"{\"position\": [18, 42]}":0.3497429123,"{\"position\": [18, 43]}":1.3949436777,"{\"position\": [17, 43]}":0.933756256,"{\"position\": [17, 42]}":0.1785344157,"{\"position\": [20, 43]}":-0.0152629015,"{\"position\": [20, 42]}":-0.0160468619},"1":{"{\"position\": [19, 43]}":-0.0371066859,"{\"position\": [19, 42]}":0.0612656199,"{\"position\": [18, 42]}":0.8910355611,"{\"position\": [18, 43]}":0.9313196867,"{\"position\": [17, 43]}":0.3922697895,"{\"position\": [17, 42]}":0.2286828937,"{\"position\": [20, 43]}":0.0,"{\"position\": [20, 42]}":-0.0009657345},"2":{"{\"position\": [19, 43]}":-0.008254234,"{\"position\": [19, 42]}":0.0240140729,"{\"position\": [18, 42]}":0.3396119545,"{\"position\": [18, 43]}":1.1643145194,"{\"position\": [17, 43]}":0.411818271,"{\"position\": [17, 42]}":1.3198182087,"{\"position\": [20, 43]}":0.0,"{\"position\": [20, 42]}":-0.0009645175},"3":{"{\"position\": [19, 43]}":0.1702850707,"{\"position\": [19, 42]}":0.0241154233,"{\"position\": [18, 42]}":0.3427472721,"{\"position\": [18, 43]}":1.1670797503,"{\"position\": [17, 43]}":0.3927848692,"{\"position\": [17, 42]}":0.2264124587,"{\"position\": [20, 43]}":0.0,"{\"position\": [20, 42]}":0.6086387496},"4":{"{\"position\": [19, 43]}":0.0000133034,"{\"position\": [19, 42]}":0.0231925222,"{\"position\": [18, 42]}":0.0036278102,"{\"position\": [18, 43]}":1.3814623192,"{\"position\": [17, 43]}":0.3971716754,"{\"position\": [17, 42]}":0.2177064772,"{\"position\": [20, 43]}":0.0,"{\"position\": [20, 42]}":-0.0009643521}}