{"0":{"{\"position\": [8, 37]}":-0.0142511491,"{\"position\": [7, 37]}":-0.0236158775,"{\"position\": [9, 37]}":0.1419066648,"{\"position\": [8, 36]}":0.0100363379,"{\"position\": [9, 36]}":0.1387217768,"{\"position\": [10, 37]}":0.1471797065,"{\"position\": [10, 36]}":-0.0234735142,"{\"position\": [7, 36]}":-0.0173328784,"{\"position\": [9, 35]}":-0.011805913,"{\"position\": [8, 35]}":0.1425690119,"{\"position\": [6, 37]}":-0.0009757608,"{\"position\": [7, 35]}":-0.0246589471,"{\"position\": [9, 38]}":-0.00005,"{\"position\": [10, 35]}":-0.0558187954},"1":{"{\"position\": [8, 37]}":-0.0285958275,"{\"position\": [7, 37]}":-19.1370052823,"{\"position\": [9, 37]}":0.0007566209,"{\"position\": [8, 36]}":0.0559307942,"{\"position\": [9, 36]}":0.133796024,"{\"position\": [10, 37]}":-0.0009968389,"{\"position\": [10, 36]}":0.0028464107,"{\"position\": [7, 36]}":0.0204848305,"{\"position\": [9, 35]}":-0.0006926431,"{\"position\": [8, 35]}":0.4075087994,"{\"position\": [6, 37]}":-0.013487305,"{\"position\": [7, 35]}":-0.0006594384,"{\"position\": [9, 38]}":-0.00005,"{\"position\": [10, 35]}":-0.0007434146},"2":{"{\"position\": [8, 37]}":-0.0033403856,"{\"position\": [7, 37]}":-2.3431969977,"{\"position\": [9, 37]}":-0.013338267,"{\"position\": [8, 36]}":0.0102054181,"{\"position\": [9, 36]}":0.1338494759,"{\"position\": [10, 37]}":-0.0752125832,"{\"position\": [10, 36]}":0.0029216031,"{\"position\": [7, 36]}":0.0174736206,"{\"position\": [9, 35]}":0.0731169138,"{\"position\": [8, 35]}":0.1410831832,"{\"position\": [6, 37]}":7.4866534028,"{\"position\": [7, 35]}":1.0641866972,"{\"position\": [9, 38]}":-0.00005,"{\"position\": [10, 35]}":-0.0255561983},"3":{"{\"position\": [8, 37]}":-0.0063396767,"{\"position\": [7, 37]}":-0.3242024432,"{\"position\": [9, 37]}":0.0007555093,"{\"position\": [8, 36]}":-0.0333440322,"{\"position\": [9, 36]}":0.2530021972,"{\"position\": [10, 37]}":-0.0009968317,"{\"position\": [10, 36]}":0.1854181485,"{\"position\": [7, 36]}":0.0186156103,"{\"position\": [9, 35]}":0.4835650326,"{\"position\": [8, 35]}":0.1391350973,"{\"position\": [6, 37]}":-0.0739908647,"{\"position\": [7, 35]}":-0.0006594384,"{\"position\": [9, 38]}":-0.00005,"{\"position\": [10, 35]}":0.1144637148},"4":{"{\"position\": [8, 37]}":-0.001,"{\"position\": [7, 37]}":-19.2482917431,"{\"position\": [9, 37]}":0.0008386566,"{\"position\": [8, 36]}":0.0097648787,"{\"position\": [9, 36]}":0.1320728971,"{\"position\": [10, 37]}":0.1442294042,"{\"position\": [10, 36]}":0.0028419947,"{\"position\": [7, 36]}":0.0187872672,"{\"position\": [9, 35]}":-0.0006764665,"{\"position\": [8, 35]}":0.009570514,"{\"position\": [6, 37]}":-0.0009751057,"{\"position\": [7, 35]}":0.5040276665,"{\"position\": [9, 38]}":50.0,"{\"position\": [10, 35]}":-0.0007364799}}