{"0":{"{\"position\": [8, 37]}":-0.0109047083,"{\"position\": [9, 37]}":-0.0005598733,"{\"position\": [8, 36]}":-0.0702493484},"1":{"{\"position\": [8, 37]}":-0.0241052927,"{\"position\": [9, 37]}":-0.0005714556,"{\"position\": [8, 36]}":0.0602153301},"2":{"{\"position\": [8, 37]}":-0.00535742,"{\"position\": [9, 37]}":-0.070770804,"{\"position\": [8, 36]}":-0.0007960932},"3":{"{\"position\": [8, 37]}":-0.0048962301,"{\"position\": [9, 37]}":-0.0005598733,"{\"position\": [8, 36]}":-0.0088287341},"4":{"{\"position\": [8, 37]}":49.9990501491,"{\"position\": [9, 37]}":49.9994681203,"{\"position\": [8, 36]}":-0.0007960932}}