{"0":{"{\"position\": [23, 10]}":-0.0040706544,"{\"position\": [22, 10]}":-0.0360643138,"{\"position\": [22, 11]}":-0.0014760829,"{\"position\": [23, 11]}":0.0077877329,"{\"position\": [21, 11]}":-0.00005},"1":{"{\"position\": [23, 10]}":-0.0009923722,"{\"position\": [22, 10]}":0.0199953126,"{\"position\": [22, 11]}":-0.0666100354,"{\"position\": [23, 11]}":0.0075069558,"{\"position\": [21, 11]}":1.5741283454},"2":{"{\"position\": [23, 10]}":-0.0030141778,"{\"position\": [22, 10]}":-0.0008498278,"{\"position\": [22, 11]}":-0.0010064491,"{\"position\": [23, 11]}":0.0075206185,"{\"position\": [21, 11]}":2.3007184035},"3":{"{\"position\": [23, 10]}":0.1095916116,"{\"position\": [22, 10]}":-0.0231474491,"{\"position\": [22, 11]}":-0.002272103,"{\"position\": [23, 11]}":0.040468009,"{\"position\": [21, 11]}":2.2601759417},"4":{"{\"position\": [23, 10]}":-0.0009926061,"{\"position\": [22, 10]}":0.0088029294,"{\"position\": [22, 11]}":49.99905,"{\"position\": [23, 11]}":0.0075300146,"{\"position\": [21, 11]}":0.0}}