{"0":{"{\"position\": [14, 43]}":-0.0033768699,"{\"position\": [13, 43]}":0.112764273,"{\"position\": [13, 42]}":0.0010301352,"{\"position\": [14, 42]}":-0.053309414,"{\"position\": [15, 43]}":0.0583702413,"{\"position\": [16, 43]}":-0.0098839907,"{\"position\": [16, 42]}":-0.0065089306,"{\"position\": [15, 42]}":-0.0059854259,"{\"position\": [12, 43]}":-0.009279273,"{\"position\": [12, 42]}":-0.0208492223},"1":{"{\"position\": [14, 43]}":-0.0289472573,"{\"position\": [13, 43]}":-0.0195251318,"{\"position\": [13, 42]}":0.1102690055,"{\"position\": [14, 42]}":0.074451282,"{\"position\": [15, 43]}":1.3469897539,"{\"position\": [16, 43]}":-0.0019666712,"{\"position\": [16, 42]}":0.0186258649,"{\"position\": [15, 42]}":0.7632307339,"{\"position\": [12, 43]}":-0.002881632,"{\"position\": [12, 42]}":0.0196121588},"2":{"{\"position\": [14, 43]}":-0.0046738331,"{\"position\": [13, 43]}":0.0006537368,"{\"position\": [13, 42]}":0.1847277823,"{\"position\": [14, 42]}":0.0590713305,"{\"position\": [15, 43]}":0.0602511159,"{\"position\": [16, 43]}":-0.0752892767,"{\"position\": [16, 42]}":-0.0360497652,"{\"position\": [15, 42]}":-0.081066299,"{\"position\": [12, 43]}":15.339891013,"{\"position\": [12, 42]}":-0.0000975},"3":{"{\"position\": [14, 43]}":-0.0120686766,"{\"position\": [13, 43]}":-0.0169899907,"{\"position\": [13, 42]}":0.0010683463,"{\"position\": [14, 42]}":0.0309338471,"{\"position\": [15, 43]}":1.4534476782,"{\"position\": [16, 43]}":5.3522052271,"{\"position\": [16, 42]}":-0.0009962686,"{\"position\": [15, 42]}":-0.0009901116,"{\"position\": [12, 43]}":-0.0192063876,"{\"position\": [12, 42]}":-0.0000975},"4":{"{\"position\": [14, 43]}":-0.001,"{\"position\": [13, 43]}":0.0005864724,"{\"position\": [13, 42]}":0.0998832859,"{\"position\": [14, 42]}":0.0330494994,"{\"position\": [15, 43]}":0.0582799651,"{\"position\": [16, 43]}":-0.0006027857,"{\"position\": [16, 42]}":-0.0009962686,"{\"position\": [15, 42]}":-0.0009901116,"{\"position\": [12, 43]}":-0.0009147424,"{\"position\": [12, 42]}":-0.0000975}}