{"0":{"{\"position\": [26, 43]}":-0.0010810999,"{\"position\": [27, 43]}":0.1247663529,"{\"position\": [25, 43]}":1.5645072499,"{\"position\": [26, 42]}":0.0633263175,"{\"position\": [27, 42]}":-0.0007434146,"{\"position\": [28, 43]}":-0.000142625},"1":{"{\"position\": [26, 43]}":-0.0029272048,"{\"position\": [27, 43]}":-0.0446993082,"{\"position\": [25, 43]}":0.7231767067,"{\"position\": [26, 42]}":0.1351839087,"{\"position\": [27, 42]}":-0.0007434146,"{\"position\": [28, 43]}":-0.0001651875},"2":{"{\"position\": [26, 43]}":-0.0010697971,"{\"position\": [27, 43]}":0.0028081772,"{\"position\": [25, 43]}":6.3803940727,"{\"position\": [26, 42]}":0.0659529282,"{\"position\": [27, 42]}":0.0164237646,"{\"position\": [28, 43]}":-0.000142625},"3":{"{\"position\": [26, 43]}":-0.0028085034,"{\"position\": [27, 43]}":0.002733614,"{\"position\": [25, 43]}":0.80675664,"{\"position\": [26, 42]}":-0.0508167636,"{\"position\": [27, 42]}":0.2066777069,"{\"position\": [28, 43]}":-0.000142625},"4":{"{\"position\": [26, 43]}":-0.001,"{\"position\": [27, 43]}":0.1216427371,"{\"position\": [25, 43]}":6.6210068044,"{\"position\": [26, 42]}":-0.0005598733,"{\"position\": [27, 42]}":-0.0007496559,"{\"position\": [28, 43]}":49.999907375}}