{"0":{"{\"position\": [18, 35]}":0.0074076935,"{\"position\": [19, 35]}":0.0098195749,"{\"position\": [18, 34]}":-0.0712711862,"{\"position\": [19, 34]}":0.0783784044,"{\"position\": [17, 35]}":-0.0004012631,"{\"position\": [20, 35]}":-0.0034779812,"{\"position\": [20, 34]}":-0.0105284367,"{\"position\": [18, 36]}":-0.0003365796},"1":{"{\"position\": [18, 35]}":0.0076344884,"{\"position\": [19, 35]}":0.0094125719,"{\"position\": [18, 34]}":0.0956944736,"{\"position\": [19, 34]}":0.0826132652,"{\"position\": [17, 35]}":-0.0004012631,"{\"position\": [20, 35]}":-0.0158473399,"{\"position\": [20, 34]}":0.0130529727,"{\"position\": [18, 36]}":-0.0003365796},"2":{"{\"position\": [18, 35]}":0.0073038037,"{\"position\": [19, 35]}":-0.0489001489,"{\"position\": [18, 34]}":0.0056232759,"{\"position\": [19, 34]}":0.0833396142,"{\"position\": [17, 35]}":16.5314996975,"{\"position\": [20, 35]}":-0.0726879876,"{\"position\": [20, 34]}":-0.0002262191,"{\"position\": [18, 36]}":-0.0003365796},"3":{"{\"position\": [18, 35]}":0.0075062608,"{\"position\": [19, 35]}":0.1910711921,"{\"position\": [18, 34]}":0.0056687181,"{\"position\": [19, 34]}":0.4756252263,"{\"position\": [17, 35]}":-0.0003697506,"{\"position\": [20, 35]}":23.9617810643,"{\"position\": [20, 34]}":-0.0002262191,"{\"position\": [18, 36]}":-0.0110826627},"4":{"{\"position\": [18, 35]}":0.0074145549,"{\"position\": [19, 35]}":0.0099033502,"{\"position\": [18, 34]}":0.0017608518,"{\"position\": [19, 34]}":0.0804835124,"{\"position\": [17, 35]}":-0.0003697506,"{\"position\": [20, 35]}":-0.0008062885,"{\"position\": [20, 34]}":-0.0002262191,"{\"position\": [18, 36]}":49.9997134204}}