{"0":{"{\"position\": [30, 35]}":5.5012738568,"{\"position\": [29, 35]}":0.0751047782,"{\"position\": [31, 35]}":8.9375824531,"{\"position\": [30, 34]}":-0.0393296307,"{\"position\": [29, 34]}":-0.0009524953,"{\"position\": [31, 34]}":-0.0331053844,"{\"position\": [32, 35]}":-0.0005598733},"1":{"{\"position\": [30, 35]}":18.850729769,"{\"position\": [29, 35]}":3.9526267718,"{\"position\": [31, 35]}":5.7787441686,"{\"position\": [30, 34]}":22.9348291042,"{\"position\": [29, 34]}":-0.0009521771,"{\"position\": [31, 34]}":-0.0008748697,"{\"position\": [32, 35]}":-0.0005714556},"2":{"{\"position\": [30, 35]}":18.6122453911,"{\"position\": [29, 35]}":49.9044705441,"{\"position\": [31, 35]}":2.5695067781,"{\"position\": [30, 34]}":0.0336903859,"{\"position\": [29, 34]}":8.91472801,"{\"position\": [31, 34]}":-0.0008779135,"{\"position\": [32, 35]}":-0.0369584041},"3":{"{\"position\": [30, 35]}":11.2852016914,"{\"position\": [29, 35]}":0.0766815297,"{\"position\": [31, 35]}":-0.0006926431,"{\"position\": [30, 34]}":0.0340228061,"{\"position\": [29, 34]}":-0.0009515055,"{\"position\": [31, 34]}":15.2728716248,"{\"position\": [32, 35]}":-0.0005598733},"4":{"{\"position\": [30, 35]}":68.3366996472,"{\"position\": [29, 35]}":0.0737864222,"{\"position\": [31, 35]}":4.6253291009,"{\"position\": [30, 34]}":0.0329792132,"{\"position\": [29, 34]}":-0.0009515055,"{\"position\": [31, 34]}":-0.0008714878,"{\"position\": [32, 35]}":97.4995156203}}