{"0":{"{\"position\": [20, 19]}":0.3067370799,"{\"position\": [20, 18]}":0.0924367706,"{\"position\": [19, 18]}":0.2445784519,"{\"position\": [19, 19]}":0.3094679514,"{\"position\": [21, 19]}":0.003968297,"{\"position\": [21, 18]}":-0.0421968476,"{\"position\": [18, 19]}":-0.0103037802,"{\"position\": [18, 18]}":-0.0208492223,"{\"position\": [20, 17]}":-0.0009989293},"1":{"{\"position\": [20, 19]}":0.2940632024,"{\"position\": [20, 18]}":0.0921656662,"{\"position\": [19, 18]}":0.3327986801,"{\"position\": [19, 19]}":-22.5608807998,"{\"position\": [21, 19]}":0.0093882327,"{\"position\": [21, 18]}":1.0326009666,"{\"position\": [18, 19]}":1.10586308,"{\"position\": [18, 18]}":0.0192652662,"{\"position\": [20, 17]}":-0.0009988974},"2":{"{\"position\": [20, 19]}":0.3007327833,"{\"position\": [20, 18]}":0.0938756608,"{\"position\": [19, 18]}":0.2402340554,"{\"position\": [19, 19]}":0.0135171395,"{\"position\": [21, 19]}":-0.0444346419,"{\"position\": [21, 18]}":-0.0007333679,"{\"position\": [18, 19]}":1.5040226211,"{\"position\": [18, 18]}":-0.0007684317,"{\"position\": [20, 17]}":-0.0021558697},"3":{"{\"position\": [20, 19]}":1.2645774897,"{\"position\": [20, 18]}":1.211916845,"{\"position\": [19, 18]}":0.2501273092,"{\"position\": [19, 19]}":0.0140084255,"{\"position\": [21, 19]}":0.1309191838,"{\"position\": [21, 18]}":-0.0007364799,"{\"position\": [18, 19]}":0.3888811182,"{\"position\": [18, 18]}":-0.0007621731,"{\"position\": [20, 17]}":-0.0009988819},"4":{"{\"position\": [20, 19]}":0.2953687612,"{\"position\": [20, 18]}":0.0924301856,"{\"position\": [19, 18]}":0.2428887393,"{\"position\": [19, 19]}":0.2984917096,"{\"position\": [21, 19]}":0.012333093,"{\"position\": [21, 18]}":-0.0007364799,"{\"position\": [18, 19]}":0.3813359715,"{\"position\": [18, 18]}":-0.0007670274,"{\"position\": [20, 17]}":-0.0009988741}}