{"0":{"{\"position\": [14, 19]}":-0.0013230326,"{\"position\": [13, 19]}":0.0273426282,"{\"position\": [14, 18]}":0.0086549334,"{\"position\": [13, 18]}":-0.035472475,"{\"position\": [15, 19]}":0.0236777228,"{\"position\": [15, 18]}":0.2071134471,"{\"position\": [16, 19]}":-0.0007364799},"1":{"{\"position\": [14, 19]}":-0.0107094668,"{\"position\": [13, 19]}":0.0310598293,"{\"position\": [14, 18]}":0.1618349662,"{\"position\": [13, 18]}":0.0056368644,"{\"position\": [15, 19]}":0.0242167495,"{\"position\": [15, 18]}":0.3161683313,"{\"position\": [16, 19]}":-0.0007364799},"2":{"{\"position\": [14, 19]}":-0.0242194942,"{\"position\": [13, 19]}":0.0303180812,"{\"position\": [14, 18]}":0.131282003,"{\"position\": [13, 18]}":0.0059258978,"{\"position\": [15, 19]}":0.0237297054,"{\"position\": [15, 18]}":0.2100606795,"{\"position\": [16, 19]}":-0.0007299102},"3":{"{\"position\": [14, 19]}":0.0566648785,"{\"position\": [13, 19]}":-0.0300384125,"{\"position\": [14, 18]}":0.1388999982,"{\"position\": [13, 18]}":0.0056829108,"{\"position\": [15, 19]}":0.1254687763,"{\"position\": [15, 18]}":0.4504616851,"{\"position\": [16, 19]}":16.3342405024},"4":{"{\"position\": [14, 19]}":-0.0009999972,"{\"position\": [13, 19]}":0.030469524,"{\"position\": [14, 18]}":0.0085121953,"{\"position\": [13, 18]}":0.0058376621,"{\"position\": [15, 19]}":0.1036611856,"{\"position\": [15, 18]}":0.2749601892,"{\"position\": [16, 19]}":-0.0007226104}}