{"0":{"{\"position\": [14, 10]}":-0.0665993051,"{\"position\": [14, 11]}":-0.0007926884,"{\"position\": [13, 11]}":-0.0006226464,"{\"position\": [15, 10]}":0.1219242099,"{\"position\": [15, 11]}":-0.0007609272},"1":{"{\"position\": [14, 10]}":0.0360572039,"{\"position\": [14, 11]}":-0.032916003,"{\"position\": [13, 11]}":-0.0006226464,"{\"position\": [15, 10]}":0.0810965199,"{\"position\": [15, 11]}":-0.0606966856},"2":{"{\"position\": [14, 10]}":0.0040718187,"{\"position\": [14, 11]}":0.0097654762,"{\"position\": [13, 11]}":10.0742977859,"{\"position\": [15, 10]}":0.0809904507,"{\"position\": [15, 11]}":-0.0007583657},"3":{"{\"position\": [14, 10]}":0.0039525745,"{\"position\": [14, 11]}":-0.0108564174,"{\"position\": [13, 11]}":-0.036307237,"{\"position\": [15, 10]}":0.1480104837,"{\"position\": [15, 11]}":0.0588587564},"4":{"{\"position\": [14, 10]}":0.0038486573,"{\"position\": [14, 11]}":-0.0007942244,"{\"position\": [13, 11]}":-0.0006226464,"{\"position\": [15, 10]}":0.1257615509,"{\"position\": [15, 11]}":-0.000767703}}