{"0":{"{\"position\": [35, 13]}":0.0991279486,"{\"position\": [36, 13]}":1.13924962,"{\"position\": [36, 12]}":4.4985482925,"{\"position\": [37, 12]}":7.8268261538},"1":{"{\"position\": [35, 13]}":0.0966832673,"{\"position\": [36, 13]}":-0.0691648438,"{\"position\": [36, 12]}":5.7323582111,"{\"position\": [37, 12]}":-0.0001854938},"2":{"{\"position\": [35, 13]}":0.0999277822,"{\"position\": [36, 13]}":-0.0068679634,"{\"position\": [36, 12]}":3.4311658986,"{\"position\": [37, 12]}":-0.0001854938},"3":{"{\"position\": [35, 13]}":0.0987220445,"{\"position\": [36, 13]}":4.4857803618,"{\"position\": [36, 12]}":0.055891711,"{\"position\": [37, 12]}":10.6104114752},"4":{"{\"position\": [35, 13]}":0.1016471172,"{\"position\": [36, 13]}":0.9985524344,"{\"position\": [36, 12]}":-19.19264391,"{\"position\": [37, 12]}":-25.0001354937}}