{"0":{"{\"position\": [26, 27]}":-0.0010124446,"{\"position\": [27, 27]}":0.0726639421,"{\"position\": [26, 26]}":0.0082841533,"{\"position\": [25, 27]}":0.0637770152,"{\"position\": [25, 26]}":-0.0040299734,"{\"position\": [27, 26]}":0.0298378252,"{\"position\": [28, 27]}":0.0953751381,"{\"position\": [28, 26]}":-0.0004012631,"{\"position\": [27, 28]}":-0.0004012631,"{\"position\": [26, 25]}":-0.0375547447,"{\"position\": [27, 25]}":-0.0000975},"1":{"{\"position\": [26, 27]}":-0.0757586146,"{\"position\": [27, 27]}":-0.0004009451,"{\"position\": [26, 26]}":0.1027150346,"{\"position\": [25, 27]}":0.0037991594,"{\"position\": [25, 26]}":-0.0007364799,"{\"position\": [27, 26]}":0.0633948627,"{\"position\": [28, 27]}":9.5074372635,"{\"position\": [28, 26]}":-0.0004012631,"{\"position\": [27, 28]}":-0.0004170193,"{\"position\": [26, 25]}":1.2532252243,"{\"position\": [27, 25]}":3.144974843},"2":{"{\"position\": [26, 27]}":-0.0021954126,"{\"position\": [27, 27]}":-0.0203761368,"{\"position\": [26, 26]}":0.0084142158,"{\"position\": [25, 27]}":0.1342228034,"{\"position\": [25, 26]}":0.1031484802,"{\"position\": [27, 26]}":-0.0009998724,"{\"position\": [28, 27]}":0.052126665,"{\"position\": [28, 26]}":-0.0004012631,"{\"position\": [27, 28]}":-0.0514179949,"{\"position\": [26, 25]}":-0.0112388583,"{\"position\": [27, 25]}":-0.00005},"3":{"{\"position\": [26, 27]}":-0.009710648,"{\"position\": [27, 27]}":0.0896910031,"{\"position\": [26, 26]}":0.0082452174,"{\"position\": [25, 27]}":0.0653365559,"{\"position\": [25, 26]}":-0.0007226104,"{\"position\": [27, 26]}":-0.0009998746,"{\"position\": [28, 27]}":19.934434933,"{\"position\": [28, 26]}":0.306511867,"{\"position\": [27, 28]}":-0.0004012631,"{\"position\": [26, 25]}":-0.0026931674,"{\"position\": [27, 25]}":-0.00005},"4":{"{\"position\": [26, 27]}":49.99905,"{\"position\": [27, 27]}":0.0127647241,"{\"position\": [26, 26]}":0.0380610128,"{\"position\": [25, 27]}":0.0036223435,"{\"position\": [25, 26]}":-0.0007226104,"{\"position\": [27, 26]}":0.0316326223,"{\"position\": [28, 27]}":0.0507847811,"{\"position\": [28, 26]}":-0.0003697506,"{\"position\": [27, 28]}":49.9996487369,"{\"position\": [26, 25]}":-0.0003365796,"{\"position\": [27, 25]}":-0.00005}}