{"0":{"{\"position\": [30, 8]}":0.3740912007,"{\"position\": [30, 7]}":0.0055526841,"{\"position\": [31, 7]}":0.0497217646,"{\"position\": [31, 8]}":1.0399503709,"{\"position\": [29, 7]}":0.245811779,"{\"position\": [29, 8]}":0.5117948406,"{\"position\": [30, 9]}":-0.0009464684,"{\"position\": [29, 9]}":2.5316070642,"{\"position\": [31, 9]}":-0.0008089715},"1":{"{\"position\": [30, 8]}":2.034628218,"{\"position\": [30, 7]}":0.0053844326,"{\"position\": [31, 7]}":0.0499543108,"{\"position\": [31, 8]}":0.5685526099,"{\"position\": [29, 7]}":11.3631635269,"{\"position\": [29, 8]}":0.5083344614,"{\"position\": [30, 9]}":-0.0009438994,"{\"position\": [29, 9]}":-0.0001854938,"{\"position\": [31, 9]}":-0.0008062885},"2":{"{\"position\": [30, 8]}":1.2348445023,"{\"position\": [30, 7]}":0.0661526751,"{\"position\": [31, 7]}":0.0510660626,"{\"position\": [31, 8]}":0.0616000676,"{\"position\": [29, 7]}":0.1543583634,"{\"position\": [29, 8]}":0.5226283556,"{\"position\": [30, 9]}":-0.0009441069,"{\"position\": [29, 9]}":-0.0002069281,"{\"position\": [31, 9]}":-0.0008062885},"3":{"{\"position\": [30, 8]}":-0.0009943755,"{\"position\": [30, 7]}":0.0055275427,"{\"position\": [31, 7]}":0.0504862068,"{\"position\": [31, 8]}":0.0612947534,"{\"position\": [29, 7]}":0.1750195624,"{\"position\": [29, 8]}":0.5117391893,"{\"position\": [30, 9]}":-0.0009451091,"{\"position\": [29, 9]}":-0.0430781132,"{\"position\": [31, 9]}":3.088453812},"4":{"{\"position\": [30, 8]}":0.480670546,"{\"position\": [30, 7]}":0.0053344571,"{\"position\": [31, 7]}":-0.0002389546,"{\"position\": [31, 8]}":1.1012424181,"{\"position\": [29, 7]}":0.2401183867,"{\"position\": [29, 8]}":0.504279485,"{\"position\": [30, 9]}":-0.0009443823,"{\"position\": [29, 9]}":1.336790165,"{\"position\": [31, 9]}":-0.0008096404}}