{"0":{"{\"position\": [32, 19]}":0.0509157972,"{\"position\": [31, 19]}":2.9584186287,"{\"position\": [31, 18]}":-0.0009715475,"{\"position\": [32, 18]}":0.0510632315,"{\"position\": [30, 19]}":-0.0008906201,"{\"position\": [30, 18]}":-0.0003863361},"1":{"{\"position\": [32, 19]}":0.0490585036,"{\"position\": [31, 19]}":3.104999019,"{\"position\": [31, 18]}":-0.0009714162,"{\"position\": [32, 18]}":0.1752769919,"{\"position\": [30, 19]}":-0.0008927164,"{\"position\": [30, 18]}":-0.0004012631},"2":{"{\"position\": [32, 19]}":0.0497550626,"{\"position\": [31, 19]}":5.3017070228,"{\"position\": [31, 18]}":0.098313854,"{\"position\": [32, 18]}":0.0512593137,"{\"position\": [30, 19]}":4.0987722527,"{\"position\": [30, 18]}":0.119885434},"3":{"{\"position\": [32, 19]}":0.0498982475,"{\"position\": [31, 19]}":2.8700177981,"{\"position\": [31, 18]}":0.0582326668,"{\"position\": [32, 18]}":0.0522393891,"{\"position\": [30, 19]}":-0.0008898169,"{\"position\": [30, 18]}":-0.0003697506},"4":{"{\"position\": [32, 19]}":0.0505364347,"{\"position\": [31, 19]}":0.6734420589,"{\"position\": [31, 18]}":-0.0009730612,"{\"position\": [32, 18]}":0.0496184154,"{\"position\": [30, 19]}":-0.0008898169,"{\"position\": [30, 18]}":0.0749474425}}