{"0":{"{\"position\": [18, 10]}":-0.0042793894,"{\"position\": [18, 11]}":-0.003225607,"{\"position\": [19, 10]}":0.0184946853,"{\"position\": [19, 11]}":0.0691678804,"{\"position\": [18, 9]}":-0.073671386,"{\"position\": [19, 9]}":-0.0002262191},"1":{"{\"position\": [18, 10]}":0.0452281968,"{\"position\": [18, 11]}":-0.0441927522,"{\"position\": [19, 10]}":0.018418171,"{\"position\": [19, 11]}":-0.0077498019,"{\"position\": [18, 9]}":-0.0007910096,"{\"position\": [19, 9]}":-0.0001854938},"2":{"{\"position\": [18, 10]}":-0.0147683358,"{\"position\": [18, 11]}":-0.0014637706,"{\"position\": [19, 10]}":0.0181513809,"{\"position\": [19, 11]}":-0.0718907235,"{\"position\": [18, 9]}":0.0053449668,"{\"position\": [19, 9]}":-0.0001854938},"3":{"{\"position\": [18, 10]}":-0.0549203858,"{\"position\": [18, 11]}":-0.0382643002,"{\"position\": [19, 10]}":0.0888895346,"{\"position\": [19, 11]}":-0.0007884391,"{\"position\": [18, 9]}":-0.0198119774,"{\"position\": [19, 9]}":-0.0001854938},"4":{"{\"position\": [18, 10]}":-0.000933082,"{\"position\": [18, 11]}":-0.0009972101,"{\"position\": [19, 10]}":0.0010336233,"{\"position\": [19, 11]}":-0.000784937,"{\"position\": [18, 9]}":-0.0007960932,"{\"position\": [19, 9]}":-0.0001854938}}