{"0":{"{\"position\": [8, 37]}":-0.0109047083,"{\"position\": [9, 37]}":-0.0005598733,"{\"position\": [8, 36]}":-0.0702493484,"{\"position\": [7, 37]}":-0.0005876708},"1":{"{\"position\": [8, 37]}":0.7895266338,"{\"position\": [9, 37]}":-0.0005714556,"{\"position\": [8, 36]}":0.0602153301,"{\"position\": [7, 37]}":-0.0006027857},"2":{"{\"position\": [8, 37]}":-0.00535742,"{\"position\": [9, 37]}":-0.070770804,"{\"position\": [8, 36]}":-0.0007960932,"{\"position\": [7, 37]}":1.8285043325},"3":{"{\"position\": [8, 37]}":1.7617482918,"{\"position\": [9, 37]}":-0.0005598733,"{\"position\": [8, 36]}":-0.0088287341,"{\"position\": [7, 37]}":-0.0005818797},"4":{"{\"position\": [8, 37]}":51.6923284802,"{\"position\": [9, 37]}":49.9994681203,"{\"position\": [8, 36]}":-0.0007960932,"{\"position\": [7, 37]}":-0.0005818797}}