{"0":{"{\"position\": [4, 9]}":1.0885149979,"{\"position\": [4, 10]}":262.6038379192,"{\"position\": [4, 8]}":0.0511570593,"{\"position\": [5, 9]}":5.1353930476,"{\"position\": [6, 9]}":2.1537247358,"{\"position\": [3, 9]}":-22.5522811201,"{\"position\": [5, 8]}":0.0,"{\"position\": [6, 8]}":0.0,"{\"position\": [5, 10]}":164.0132914119,"{\"position\": [6, 7]}":0.0,"{\"position\": [5, 7]}":0.0,"{\"position\": [4, 7]}":0.000001464,"{\"position\": [3, 7]}":0.0,"{\"position\": [2, 7]}":0.0,"{\"position\": [3, 8]}":-21.086039463,"{\"position\": [3, 10]}":73.0550345936,"{\"position\": [2, 9]}":82.8603983996,"{\"position\": [2, 8]}":0.0,"{\"position\": [2, 10]}":6.2813857206},"1":{"{\"position\": [4, 9]}":1.0762827835,"{\"position\": [4, 10]}":369.6289849021,"{\"position\": [4, 8]}":72.8897285717,"{\"position\": [5, 9]}":6.7129384422,"{\"position\": [6, 9]}":5.2951152453,"{\"position\": [3, 9]}":198.4085285674,"{\"position\": [5, 8]}":0.0,"{\"position\": [6, 8]}":0.0,"{\"position\": [5, 10]}":75.59744312,"{\"position\": [6, 7]}":0.0,"{\"position\": [5, 7]}":0.0,"{\"position\": [4, 7]}":0.2454989676,"{\"position\": [3, 7]}":0.0,"{\"position\": [2, 7]}":0.0,"{\"position\": [3, 8]}":77.1083484614,"{\"position\": [3, 10]}":-25.0,"{\"position\": [2, 9]}":0.0,"{\"position\": [2, 8]}":0.0,"{\"position\": [2, 10]}":0.0},"2":{"{\"position\": [4, 9]}":1.0933019813,"{\"position\": [4, 10]}":321.0659354107,"{\"position\": [4, 8]}":0.049527229,"{\"position\": [5, 9]}":6.902476648,"{\"position\": [6, 9]}":5.3002136667,"{\"position\": [3, 9]}":-24.3817194782,"{\"position\": [5, 8]}":0.0,"{\"position\": [6, 8]}":0.0,"{\"position\": [5, 10]}":0.0,"{\"position\": [6, 7]}":0.0,"{\"position\": [5, 7]}":0.0,"{\"position\": [4, 7]}":0.0000007547,"{\"position\": [3, 7]}":0.0144065552,"{\"position\": [2, 7]}":0.0,"{\"position\": [3, 8]}":0.000026684,"{\"position\": [3, 10]}":50.3059013074,"{\"position\": [2, 9]}":0.0,"{\"position\": [2, 8]}":80.8104051709,"{\"position\": [2, 10]}":0.0},"3":{"{\"position\": [4, 9]}":116.4392457475,"{\"position\": [4, 10]}":332.6658338541,"{\"position\": [4, 8]}":0.0514489599,"{\"position\": [5, 9]}":191.7905732956,"{\"position\": [6, 9]}":7.0534518383,"{\"position\": [3, 9]}":54.0761180135,"{\"position\": [5, 8]}":0.0,"{\"position\": [6, 8]}":0.0000047619,"{\"position\": [5, 10]}":83.4734830132,"{\"position\": [6, 7]}":0.0,"{\"position\": [5, 7]}":0.0000007115,"{\"position\": [4, 7]}":0.0000014578,"{\"position\": [3, 7]}":0.0,"{\"position\": [2, 7]}":-25.0,"{\"position\": [3, 8]}":0.0000268559,"{\"position\": [3, 10]}":52.817888365,"{\"position\": [2, 9]}":0.0,"{\"position\": [2, 8]}":0.0,"{\"position\": [2, 10]}":-25.0},"4":{"{\"position\": [4, 9]}":1.0442992354,"{\"position\": [4, 10]}":332.6660864119,"{\"position\": [4, 8]}":0.0495782086,"{\"position\": [5, 9]}":125.1923457794,"{\"position\": [6, 9]}":7.4711379286,"{\"position\": [3, 9]}":85.2308736925,"{\"position\": [5, 8]}":0.0,"{\"position\": [6, 8]}":0.0,"{\"position\": [5, 10]}":103.0333127094,"{\"position\": [6, 7]}":0.0,"{\"position\": [5, 7]}":0.0,"{\"position\": [4, 7]}":0.0000014336,"{\"position\": [3, 7]}":0.0,"{\"position\": [2, 7]}":0.0,"{\"position\": [3, 8]}":-24.9999665518,"{\"position\": [3, 10]}":303.9675918947,"{\"position\": [2, 9]}":0.0,"{\"position\": [2, 8]}":0.0,"{\"position\": [2, 10]}":0.0}}