{"0":{"{\"position\": [16, 11]}":0.0,"{\"position\": [4, 11]}":0.0,"{\"position\": [4, 12]}":0.0,"{\"position\": [4, 13]}":0.0,"{\"position\": [3, 13]}":0.0,"{\"position\": [3, 14]}":0.0,"{\"position\": [2, 16]}":0.0,"{\"position\": [3, 16]}":0.0,"{\"position\": [3, 17]}":44.3145649318,"{\"position\": [4, 17]}":0.0,"{\"position\": [4, 16]}":0.0,"{\"position\": [18, 21]}":-0.0851528116,"{\"position\": [4, 4]}":0.0,"{\"position\": [4, 5]}":0.0,"{\"position\": [3, 5]}":0.0,"{\"position\": [3, 7]}":0.0,"{\"position\": [4, 7]}":0.0,"{\"position\": [4, 8]}":0.0,"{\"position\": [3, 8]}":0.0,"{\"position\": [3, 9]}":0.0,"{\"position\": [4, 9]}":0.0,"{\"position\": [5, 9]}":0.0,"{\"position\": [2, 8]}":0.0,"{\"position\": [3, 12]}":0.0,"{\"position\": [1, 4]}":0.0,"{\"position\": [1, 3]}":0.0,"{\"position\": [1, 2]}":0.0},"1":{"{\"position\": [16, 11]}":-0.2603346011,"{\"position\": [4, 11]}":-0.6919966112,"{\"position\": [4, 12]}":-0.149655621,"{\"position\": [4, 13]}":-0.3552028835,"{\"position\": [3, 13]}":-0.4335897913,"{\"position\": [3, 14]}":-0.1667962082,"{\"position\": [2, 16]}":-0.4381372454,"{\"position\": [3, 16]}":43.4550076916,"{\"position\": [3, 17]}":37.8808290052,"{\"position\": [4, 17]}":-0.449840738,"{\"position\": [4, 16]}":-0.3641300513,"{\"position\": [18, 21]}":0.0,"{\"position\": [4, 4]}":-0.4757095156,"{\"position\": [4, 5]}":-0.7386608221,"{\"position\": [3, 5]}":-0.6169565294,"{\"position\": [3, 7]}":-0.056603523,"{\"position\": [4, 7]}":-0.0756397766,"{\"position\": [4, 8]}":-0.1595972325,"{\"position\": [3, 8]}":-0.0620471045,"{\"position\": [3, 9]}":-0.5998222325,"{\"position\": [4, 9]}":-0.0952104563,"{\"position\": [5, 9]}":0.0,"{\"position\": [2, 8]}":0.0,"{\"position\": [3, 12]}":-0.587840656,"{\"position\": [1, 4]}":0.0,"{\"position\": [1, 3]}":0.0,"{\"position\": [1, 2]}":0.0},"2":{"{\"position\": [16, 11]}":0.0,"{\"position\": [4, 11]}":0.0,"{\"position\": [4, 12]}":0.0,"{\"position\": [4, 13]}":0.0,"{\"position\": [3, 13]}":0.0,"{\"position\": [3, 14]}":0.0,"{\"position\": [2, 16]}":-0.1273452222,"{\"position\": [3, 16]}":40.9852415814,"{\"position\": [3, 17]}":31.6236488442,"{\"position\": [4, 17]}":0.0,"{\"position\": [4, 16]}":0.0,"{\"position\": [18, 21]}":0.0,"{\"position\": [4, 4]}":-0.0476650338,"{\"position\": [4, 5]}":0.0,"{\"position\": [3, 5]}":0.0,"{\"position\": [3, 7]}":-0.0628331247,"{\"position\": [4, 7]}":-0.0364368991,"{\"position\": [4, 8]}":0.0,"{\"position\": [3, 8]}":0.0,"{\"position\": [3, 9]}":-0.0039825084,"{\"position\": [4, 9]}":0.0159049189,"{\"position\": [5, 9]}":0.0,"{\"position\": [2, 8]}":0.0,"{\"position\": [3, 12]}":0.0,"{\"position\": [1, 4]}":0.0,"{\"position\": [1, 3]}":0.0,"{\"position\": [1, 2]}":0.0},"3":{"{\"position\": [16, 11]}":-0.4511865238,"{\"position\": [4, 11]}":-0.04375,"{\"position\": [4, 12]}":-0.092237488,"{\"position\": [4, 13]}":-0.1235423538,"{\"position\": [3, 13]}":0.0034102378,"{\"position\": [3, 14]}":0.0067933873,"{\"position\": [2, 16]}":0.0,"{\"position\": [3, 16]}":39.7958314999,"{\"position\": [3, 17]}":32.1269588642,"{\"position\": [4, 17]}":0.0720450083,"{\"position\": [4, 16]}":-0.0777162435,"{\"position\": [18, 21]}":-0.4129303553,"{\"position\": [4, 4]}":-0.0599839674,"{\"position\": [4, 5]}":-0.0873100571,"{\"position\": [3, 5]}":-0.0938423597,"{\"position\": [3, 7]}":-0.0388623688,"{\"position\": [4, 7]}":-0.1016873445,"{\"position\": [4, 8]}":-0.0998009549,"{\"position\": [3, 8]}":-0.0254754876,"{\"position\": [3, 9]}":0.0,"{\"position\": [4, 9]}":0.0,"{\"position\": [5, 9]}":0.0,"{\"position\": [2, 8]}":0.0,"{\"position\": [3, 12]}":-5.3649234807,"{\"position\": [1, 4]}":0.0,"{\"position\": [1, 3]}":0.0,"{\"position\": [1, 2]}":0.0}}