{"0":{"{\"position\": [2.85, 17.7]}":0.0,"{\"position\": [3.0, 17.7]}":0.0,"{\"position\": [2.55, 17.849999999999998]}":0.0,"{\"position\": [2.6999999999999997, 18.15]}":0.0,"{\"position\": [3.3, 17.55]}":0.0,"{\"position\": [2.55, 18.0]}":0.0,"{\"position\": [2.6999999999999997, 17.849999999999998]}":0.0,"{\"position\": [3.0, 18.0]}":0.0,"{\"position\": [3.15, 18.0]}":0.0,"{\"position\": [2.6999999999999997, 17.7]}":0.0,"{\"position\": [2.6999999999999997, 18.0]}":0.0,"{\"position\": [2.55, 18.15]}":0.0,"{\"position\": [2.55, 17.7]}":0.0,"{\"position\": [3.0, 17.849999999999998]}":0.0,"{\"position\": [3.15, 17.55]}":0.0,"{\"position\": [2.85, 17.849999999999998]}":0.0,"{\"position\": [4.5, 10.049999999999999]}":0.0,"{\"position\": [3.3, 17.849999999999998]}":0.0,"{\"position\": [3.0, 17.55]}":0.0,"{\"position\": [3.15, 17.7]}":0.0,"{\"position\": [2.55, 17.55]}":0.0,"{\"position\": [2.6999999999999997, 17.55]}":0.0,"{\"position\": [14.549999999999999, 20.849999999999998]}":0.0,"{\"position\": [7.35, 20.25]}":0.0,"{\"position\": [2.85, 18.0]}":0.0,"{\"position\": [3.15, 17.849999999999998]}":0.0,"{\"position\": [3.3, 7.35]}":0.0,"{\"position\": [3.3, 6.75]}":0.0,"{\"position\": [4.95, 9.6]}":0.0,"{\"position\": [18.599999999999998, 21.75]}":0.0,"{\"position\": [3.3, 17.7]}":0.0,"{\"position\": [3.3, 18.0]}":0.0,"{\"position\": [4.5, 9.6]}":0.0,"{\"position\": [3.4499999999999997, 17.849999999999998]}":0.0,"{\"position\": [3.4499999999999997, 18.0]}":0.0,"{\"position\": [3.3, 6.8999999999999995]}":0.0,"{\"position\": [4.8, 2.25]}":0.0,"{\"position\": [4.8, 2.1]}":0.0,"{\"position\": [18.9, 21.9]}":0.0,"{\"position\": [11.549999999999999, 8.7]}":0.0,"{\"position\": [2.85, 18.15]}":0.0,"{\"position\": [12.9, 4.6499999999999995]}":0.0,"{\"position\": [7.35, 20.55]}":0.0,"{\"position\": [7.35, 19.8]}":0.0,"{\"position\": [2.85, 17.55]}":0.0,"{\"position\": [12.9, 4.8]}":0.0,"{\"position\": [3.4499999999999997, 17.7]}":0.0,"{\"position\": [5.85, 16.8]}":0.0,"{\"position\": [12.299999999999999, 8.549999999999999]}":0.0,"{\"position\": [18.599999999999998, 23.55]}":0.0,"{\"position\": [18.599999999999998, 22.95]}":0.0,"{\"position\": [18.599999999999998, 22.2]}":0.0,"{\"position\": [11.85, 8.85]}":0.0,"{\"position\": [4.8, 9.9]}":0.0},"1":{"{\"position\": [2.85, 17.7]}":0.0,"{\"position\": [3.0, 17.7]}":0.0,"{\"position\": [2.55, 17.849999999999998]}":0.0,"{\"position\": [2.6999999999999997, 18.15]}":0.0,"{\"position\": [3.3, 17.55]}":0.0,"{\"position\": [2.55, 18.0]}":0.0,"{\"position\": [2.6999999999999997, 17.849999999999998]}":0.0,"{\"position\": [3.0, 18.0]}":0.0,"{\"position\": [3.15, 18.0]}":0.0,"{\"position\": [2.6999999999999997, 17.7]}":0.0,"{\"position\": [2.6999999999999997, 18.0]}":0.0,"{\"position\": [2.55, 18.15]}":0.0,"{\"position\": [2.55, 17.7]}":0.0,"{\"position\": [3.0, 17.849999999999998]}":0.0,"{\"position\": [3.15, 17.55]}":0.0,"{\"position\": [2.85, 17.849999999999998]}":0.0,"{\"position\": [4.5, 10.049999999999999]}":0.0,"{\"position\": [3.3, 17.849999999999998]}":0.0,"{\"position\": [3.0, 17.55]}":0.0,"{\"position\": [3.15, 17.7]}":0.0,"{\"position\": [2.55, 17.55]}":0.0,"{\"position\": [2.6999999999999997, 17.55]}":0.0,"{\"position\": [14.549999999999999, 20.849999999999998]}":0.0,"{\"position\": [7.35, 20.25]}":0.0,"{\"position\": [2.85, 18.0]}":0.0,"{\"position\": [3.15, 17.849999999999998]}":0.0,"{\"position\": [3.3, 7.35]}":0.0,"{\"position\": [3.3, 6.75]}":0.0,"{\"position\": [4.95, 9.6]}":0.0,"{\"position\": [18.599999999999998, 21.75]}":0.0,"{\"position\": [3.3, 17.7]}":0.0,"{\"position\": [3.3, 18.0]}":0.0,"{\"position\": [4.5, 9.6]}":0.0,"{\"position\": [3.4499999999999997, 17.849999999999998]}":0.0,"{\"position\": [3.4499999999999997, 18.0]}":0.0,"{\"position\": [3.3, 6.8999999999999995]}":0.0,"{\"position\": [4.8, 2.25]}":0.0,"{\"position\": [4.8, 2.1]}":0.0,"{\"position\": [18.9, 21.9]}":0.0,"{\"position\": [11.549999999999999, 8.7]}":0.0,"{\"position\": [2.85, 18.15]}":0.0,"{\"position\": [12.9, 4.6499999999999995]}":0.0,"{\"position\": [7.35, 20.55]}":0.0,"{\"position\": [7.35, 19.8]}":0.0,"{\"position\": [2.85, 17.55]}":0.0,"{\"position\": [12.9, 4.8]}":0.0,"{\"position\": [3.4499999999999997, 17.7]}":0.0,"{\"position\": [5.85, 16.8]}":0.0,"{\"position\": [12.299999999999999, 8.549999999999999]}":0.0,"{\"position\": [18.599999999999998, 23.55]}":0.0,"{\"position\": [18.599999999999998, 22.95]}":0.0,"{\"position\": [18.599999999999998, 22.2]}":0.0,"{\"position\": [11.85, 8.85]}":0.0,"{\"position\": [4.8, 9.9]}":0.0},"2":{"{\"position\": [2.85, 17.7]}":0.0,"{\"position\": [3.0, 17.7]}":0.0,"{\"position\": [2.55, 17.849999999999998]}":0.0,"{\"position\": [2.6999999999999997, 18.15]}":0.0,"{\"position\": [3.3, 17.55]}":0.0,"{\"position\": [2.55, 18.0]}":0.0,"{\"position\": [2.6999999999999997, 17.849999999999998]}":0.0,"{\"position\": [3.0, 18.0]}":0.0,"{\"position\": [3.15, 18.0]}":0.0,"{\"position\": [2.6999999999999997, 17.7]}":0.0,"{\"position\": [2.6999999999999997, 18.0]}":0.0,"{\"position\": [2.55, 18.15]}":0.0,"{\"position\": [2.55, 17.7]}":0.0,"{\"position\": [3.0, 17.849999999999998]}":0.0,"{\"position\": [3.15, 17.55]}":0.0,"{\"position\": [2.85, 17.849999999999998]}":0.0,"{\"position\": [4.5, 10.049999999999999]}":0.0,"{\"position\": [3.3, 17.849999999999998]}":0.0,"{\"position\": [3.0, 17.55]}":0.0,"{\"position\": [3.15, 17.7]}":0.0,"{\"position\": [2.55, 17.55]}":0.0,"{\"position\": [2.6999999999999997, 17.55]}":0.0,"{\"position\": [14.549999999999999, 20.849999999999998]}":0.0,"{\"position\": [7.35, 20.25]}":0.0,"{\"position\": [2.85, 18.0]}":0.0,"{\"position\": [3.15, 17.849999999999998]}":0.0,"{\"position\": [3.3, 7.35]}":0.0,"{\"position\": [3.3, 6.75]}":0.0,"{\"position\": [4.95, 9.6]}":0.0,"{\"position\": [18.599999999999998, 21.75]}":0.0,"{\"position\": [3.3, 17.7]}":0.0,"{\"position\": [3.3, 18.0]}":0.0,"{\"position\": [4.5, 9.6]}":0.0,"{\"position\": [3.4499999999999997, 17.849999999999998]}":0.0,"{\"position\": [3.4499999999999997, 18.0]}":0.0,"{\"position\": [3.3, 6.8999999999999995]}":0.0,"{\"position\": [4.8, 2.25]}":0.0,"{\"position\": [4.8, 2.1]}":0.0,"{\"position\": [18.9, 21.9]}":0.0,"{\"position\": [11.549999999999999, 8.7]}":0.0,"{\"position\": [2.85, 18.15]}":0.0,"{\"position\": [12.9, 4.6499999999999995]}":0.0,"{\"position\": [7.35, 20.55]}":0.0,"{\"position\": [7.35, 19.8]}":0.0,"{\"position\": [2.85, 17.55]}":0.0,"{\"position\": [12.9, 4.8]}":0.0,"{\"position\": [3.4499999999999997, 17.7]}":0.0,"{\"position\": [5.85, 16.8]}":0.0,"{\"position\": [12.299999999999999, 8.549999999999999]}":0.0,"{\"position\": [18.599999999999998, 23.55]}":0.0,"{\"position\": [18.599999999999998, 22.95]}":0.0,"{\"position\": [18.599999999999998, 22.2]}":0.0,"{\"position\": [11.85, 8.85]}":0.0,"{\"position\": [4.8, 9.9]}":0.0},