{"0":{"{\"position\": [31, 10]}":0.0889018382,"{\"position\": [31, 11]}":6.1781886515,"{\"position\": [30, 11]}":0.0412444361,"{\"position\": [30, 10]}":1.0259482935},"1":{"{\"position\": [31, 10]}":0.0874453132,"{\"position\": [31, 11]}":0.518570488,"{\"position\": [30, 11]}":0.0416649507,"{\"position\": [30, 10]}":1.013313737},"2":{"{\"position\": [31, 10]}":0.0880930782,"{\"position\": [31, 11]}":0.5207770691,"{\"position\": [30, 11]}":0.0429367607,"{\"position\": [30, 10]}":1.0033518699},"3":{"{\"position\": [31, 10]}":3.5747927834,"{\"position\": [31, 11]}":0.5405043952,"{\"position\": [30, 11]}":0.0421606102,"{\"position\": [30, 10]}":1.0454238043},"4":{"{\"position\": [31, 10]}":0.0846886889,"{\"position\": [31, 11]}":0.5310391804,"{\"position\": [30, 11]}":0.0405594667,"{\"position\": [30, 10]}":1.023128214}}