{"0":{"{\"position\": [24, 8]}":0.1844779571,"{\"position\": [24, 7]}":-23.2794246081,"{\"position\": [25, 8]}":0.0389685079,"{\"position\": [23, 7]}":0.2932212578,"{\"position\": [23, 8]}":1.2421648887,"{\"position\": [25, 7]}":-6.4276440325,"{\"position\": [24, 9]}":71.1028334194,"{\"position\": [25, 9]}":-0.0001854938,"{\"position\": [26, 8]}":0.010416233,"{\"position\": [26, 7]}":-0.0075477135},"1":{"{\"position\": [24, 8]}":0.1834084448,"{\"position\": [24, 7]}":2.6229845674,"{\"position\": [25, 8]}":0.0383701649,"{\"position\": [23, 7]}":0.3860272862,"{\"position\": [23, 8]}":0.3619563509,"{\"position\": [25, 7]}":0.6660487738,"{\"position\": [24, 9]}":-0.0010041576,"{\"position\": [25, 9]}":-0.0001854938,"{\"position\": [26, 8]}":-0.0008714878,"{\"position\": [26, 7]}":-0.000915804},"2":{"{\"position\": [24, 8]}":2.6721212132,"{\"position\": [24, 7]}":0.5295885048,"{\"position\": [25, 8]}":0.038768246,"{\"position\": [23, 7]}":0.8058314532,"{\"position\": [23, 8]}":0.3741347567,"{\"position\": [25, 7]}":2.0768403456,"{\"position\": [24, 9]}":-0.0016026487,"{\"position\": [25, 9]}":-0.0001854938,"{\"position\": [26, 8]}":-0.0739336714,"{\"position\": [26, 7]}":-0.0005367088},"3":{"{\"position\": [24, 8]}":0.1852969103,"{\"position\": [24, 7]}":0.5227685128,"{\"position\": [25, 8]}":0.037529296,"{\"position\": [23, 7]}":0.3716303012,"{\"position\": [23, 8]}":0.3687701571,"{\"position\": [25, 7]}":2.7129881196,"{\"position\": [24, 9]}":-0.0010403077,"{\"position\": [25, 9]}":0.0125949929,"{\"position\": [26, 8]}":-0.0008714878,"{\"position\": [26, 7]}":8.4545347417},"4":{"{\"position\": [24, 8]}":0.1841256468,"{\"position\": [24, 7]}":0.5065914104,"{\"position\": [25, 8]}":0.038867726,"{\"position\": [23, 7]}":0.2017919528,"{\"position\": [23, 8]}":0.3620148036,"{\"position\": [25, 7]}":2.7261511135,"{\"position\": [24, 9]}":-0.0009999614,"{\"position\": [25, 9]}":-0.000142625,"{\"position\": [26, 8]}":-0.0008714878,"{\"position\": [26, 7]}":-0.000512325}}