{"0":{"{\"position\": [35, 24]}":0.4509232004,"{\"position\": [35, 23]}":0.0145306246,"{\"position\": [36, 24]}":0.3677686701,"{\"position\": [36, 23]}":-0.0319988441,"{\"position\": [37, 23]}":-0.00005,"{\"position\": [37, 24]}":-0.0001651875,"{\"position\": [35, 25]}":0.0538915085,"{\"position\": [36, 25]}":1.4246578211},"1":{"{\"position\": [35, 24]}":0.0349394919,"{\"position\": [35, 23]}":0.1204783541,"{\"position\": [36, 24]}":0.3733599069,"{\"position\": [36, 23]}":2.1689759644,"{\"position\": [37, 23]}":0.0583043913,"{\"position\": [37, 24]}":-0.0199124991,"{\"position\": [35, 25]}":-0.0001854938,"{\"position\": [36, 25]}":-0.0008732678},"2":{"{\"position\": [35, 24]}":0.0485278247,"{\"position\": [35, 23]}":1.7412865451,"{\"position\": [36, 24]}":0.3670732867,"{\"position\": [36, 23]}":-0.0212745974,"{\"position\": [37, 23]}":-0.00005,"{\"position\": [37, 24]}":-0.0001854938,"{\"position\": [35, 25]}":0.0248232486,"{\"position\": [36, 25]}":-0.0008757129},"3":{"{\"position\": [35, 24]}":-0.0700353469,"{\"position\": [35, 23]}":0.0385596688,"{\"position\": [36, 24]}":0.3846172018,"{\"position\": [36, 23]}":-0.0186389197,"{\"position\": [37, 23]}":-0.00005,"{\"position\": [37, 24]}":-0.000142625,"{\"position\": [35, 25]}":-0.0001854938,"{\"position\": [36, 25]}":-0.0008757129},"4":{"{\"position\": [35, 24]}":0.0006143624,"{\"position\": [35, 23]}":0.1387637349,"{\"position\": [36, 24]}":0.3667239667,"{\"position\": [36, 23]}":-0.0004866579,"{\"position\": [37, 23]}":-0.00005,"{\"position\": [37, 24]}":49.9998645062,"{\"position\": [35, 25]}":-0.0001854938,"{\"position\": [36, 25]}":-0.0008779135}}