{"0":{"{\"position\": [21, 35]}":0.1244987444,"{\"position\": [22, 35]}":0.0480549519,"{\"position\": [22, 34]}":-0.0556850155,"{\"position\": [23, 34]}":-0.0004937679,"{\"position\": [20, 35]}":-0.0003814806,"{\"position\": [23, 35]}":0.4621341719,"{\"position\": [21, 34]}":-0.0269521421,"{\"position\": [24, 35]}":0.0025254032,"{\"position\": [25, 35]}":0.1241663702,"{\"position\": [24, 34]}":-0.0108528047},"1":{"{\"position\": [21, 35]}":0.3299727743,"{\"position\": [22, 35]}":0.0306732166,"{\"position\": [22, 34]}":21.3998363179,"{\"position\": [23, 34]}":-0.0005035348,"{\"position\": [20, 35]}":-0.000376078,"{\"position\": [23, 35]}":0.8344928227,"{\"position\": [21, 34]}":-0.0009682733,"{\"position\": [24, 35]}":0.0025343671,"{\"position\": [25, 35]}":0.1287553718,"{\"position\": [24, 34]}":-0.00005},"2":{"{\"position\": [21, 35]}":0.3425929847,"{\"position\": [22, 35]}":0.0474035879,"{\"position\": [22, 34]}":-0.0496455541,"{\"position\": [23, 34]}":-0.000512325,"{\"position\": [20, 35]}":8.1835533905,"{\"position\": [23, 35]}":0.8287032643,"{\"position\": [21, 34]}":4.585633079,"{\"position\": [24, 35]}":-0.0649756436,"{\"position\": [25, 35]}":0.1251950304,"{\"position\": [24, 34]}":-0.00005},"3":{"{\"position\": [21, 35]}":0.3388217965,"{\"position\": [22, 35]}":0.6749750739,"{\"position\": [22, 34]}":-0.001303598,"{\"position\": [23, 34]}":6.4523738743,"{\"position\": [20, 35]}":-0.0625129657,"{\"position\": [23, 35]}":14.7866821451,"{\"position\": [21, 34]}":-0.0680262658,"{\"position\": [24, 35]}":4.7755835714,"{\"position\": [25, 35]}":0.9001753368,"{\"position\": [24, 34]}":0.1648161147},"4":{"{\"position\": [21, 35]}":0.3377415362,"{\"position\": [22, 35]}":0.0458755548,"{\"position\": [22, 34]}":-0.0002649081,"{\"position\": [23, 34]}":-0.0004866579,"{\"position\": [20, 35]}":-0.0003753194,"{\"position\": [23, 35]}":0.7949460376,"{\"position\": [21, 34]}":-0.0009694364,"{\"position\": [24, 35]}":0.002470111,"{\"position\": [25, 35]}":0.1236776868,"{\"position\": [24, 34]}":-0.00005}}