{"0":{"{\"position\": [16, 8]}":211.9411867204,"{\"position\": [16, 7]}":247.1946095022,"{\"position\": [17, 8]}":77.7158513119,"{\"position\": [15, 7]}":7.2885120947,"{\"position\": [17, 7]}":135.4468006132},"1":{"{\"position\": [16, 8]}":0.6557620958,"{\"position\": [16, 7]}":222.4352008275,"{\"position\": [17, 8]}":0.0,"{\"position\": [15, 7]}":7.4508694136,"{\"position\": [17, 7]}":155.4970724632},"2":{"{\"position\": [16, 8]}":95.702163075,"{\"position\": [16, 7]}":222.3987342396,"{\"position\": [17, 8]}":0.0,"{\"position\": [15, 7]}":212.0238071961,"{\"position\": [17, 7]}":-0.00005},"3":{"{\"position\": [16, 8]}":0.6630467013,"{\"position\": [16, 7]}":218.4882582348,"{\"position\": [17, 8]}":181.7329469086,"{\"position\": [15, 7]}":-0.000512325,"{\"position\": [17, 7]}":-0.00005},"4":{"{\"position\": [16, 8]}":181.5465101005,"{\"position\": [16, 7]}":222.475048552,"{\"position\": [17, 8]}":107.5418472918,"{\"position\": [15, 7]}":7.1945549849,"{\"position\": [17, 7]}":-0.00005}}