{"0":{"{\"position\": [31, 43]}":0.0128689089,"{\"position\": [30, 43]}":-0.0021522261,"{\"position\": [32, 43]}":-0.0006240942,"{\"position\": [31, 42]}":0.0246840162,"{\"position\": [30, 42]}":-0.0240676694,"{\"position\": [30, 41]}":-0.0734789133,"{\"position\": [31, 41]}":-0.0005743432,"{\"position\": [29, 42]}":-0.00005},"1":{"{\"position\": [31, 43]}":0.0283144256,"{\"position\": [30, 43]}":-0.0048327362,"{\"position\": [32, 43]}":-0.0006253972,"{\"position\": [31, 42]}":0.0340266448,"{\"position\": [30, 42]}":0.0897427467,"{\"position\": [30, 41]}":0.1515752535,"{\"position\": [31, 41]}":-0.0005659693,"{\"position\": [29, 42]}":-0.00005},"2":{"{\"position\": [31, 43]}":0.0277218873,"{\"position\": [30, 43]}":-0.0023743867,"{\"position\": [32, 43]}":-0.0006415141,"{\"position\": [31, 42]}":0.0251246746,"{\"position\": [30, 42]}":-0.0021315551,"{\"position\": [30, 41]}":-0.0037583416,"{\"position\": [31, 41]}":-0.0005818797,"{\"position\": [29, 42]}":0.095891178},"3":{"{\"position\": [31, 43]}":0.0278885141,"{\"position\": [30, 43]}":-0.0134288628,"{\"position\": [32, 43]}":3.9583840481,"{\"position\": [31, 42]}":0.1282570339,"{\"position\": [30, 42]}":-0.0077978246,"{\"position\": [30, 41]}":0.09144164,"{\"position\": [31, 41]}":0.0064490067,"{\"position\": [29, 42]}":0.0},"4":{"{\"position\": [31, 43]}":0.0271763118,"{\"position\": [30, 43]}":-0.001,"{\"position\": [32, 43]}":2.9917255826,"{\"position\": [31, 42]}":0.0244391752,"{\"position\": [30, 42]}":-0.0007426785,"{\"position\": [30, 41]}":-0.0004596399,"{\"position\": [31, 41]}":-0.0005598733,"{\"position\": [29, 42]}":0.0}}