{"0":{"{\"position\": [26, 35]}":0.0189618189,"{\"position\": [27, 35]}":0.1688660914,"{\"position\": [26, 34]}":0.0294834861,"{\"position\": [25, 34]}":-0.0060643605,"{\"position\": [25, 35]}":-0.001005875,"{\"position\": [27, 34]}":0.0627972596},"1":{"{\"position\": [26, 35]}":0.0050071318,"{\"position\": [27, 35]}":0.0239425666,"{\"position\": [26, 34]}":0.0299433244,"{\"position\": [25, 34]}":2.5636016555,"{\"position\": [25, 35]}":-0.0024865845,"{\"position\": [27, 34]}":0.0360422924},"2":{"{\"position\": [26, 35]}":0.03994628,"{\"position\": [27, 35]}":-0.0062491615,"{\"position\": [26, 34]}":0.0285360845,"{\"position\": [25, 34]}":-0.0009775329,"{\"position\": [25, 35]}":3.2425343869,"{\"position\": [27, 34]}":-0.013298924},"3":{"{\"position\": [26, 35]}":-0.0457908331,"{\"position\": [27, 35]}":0.0235682682,"{\"position\": [26, 34]}":0.0294722295,"{\"position\": [25, 34]}":-0.0146527609,"{\"position\": [25, 35]}":-0.0366566918,"{\"position\": [27, 34]}":0.1674854705},"4":{"{\"position\": [26, 35]}":0.0182459954,"{\"position\": [27, 35]}":0.0242747259,"{\"position\": [26, 34]}":-0.0009789896,"{\"position\": [25, 34]}":0.0017185823,"{\"position\": [25, 35]}":-0.0009837704,"{\"position\": [27, 34]}":-0.0007896159}}